unknown_ratio,sample_length,repeat,estimate,range_low,range_high,confidence,sample_size,evaluation_source
0.1,200,1,29758,22641,29758,0.479,84,evaluation_wordlist.csv
0.1,200,2,29093,11154,29093,0.316,110,evaluation_wordlist.csv
0.1,200,3,15171,9918,23204,0.295,94,evaluation_wordlist.csv
0.1,200,4,27217,9852,29825,0.258,106,evaluation_wordlist.csv
0.1,200,5,24383,18852,24383,0.609,105,evaluation_wordlist.csv
0.1,200,6,11761,9897,29808,0.237,96,evaluation_wordlist.csv
0.1,200,7,13707,9832,29128,0.248,101,evaluation_wordlist.csv
0.1,200,8,15012,10486,15012,0.571,109,evaluation_wordlist.csv
0.1,200,9,28545,17040,28545,0.488,109,evaluation_wordlist.csv
0.1,200,10,27572,13726,27572,0.441,119,evaluation_wordlist.csv
0.1,200,11,29397,26497,29397,0.71,105,evaluation_wordlist.csv
0.1,200,12,24883,16835,24883,0.533,105,evaluation_wordlist.csv
0.1,200,13,19249,9964,19249,0.373,96,evaluation_wordlist.csv
0.1,200,14,27518,9768,27518,0.269,102,evaluation_wordlist.csv
0.1,200,15,27521,16421,27521,0.412,92,evaluation_wordlist.csv
0.1,200,16,28549,9747,28549,0.284,112,evaluation_wordlist.csv
0.1,200,17,29944,9869,29944,0.294,119,evaluation_wordlist.csv
0.1,200,18,29758,24385,29758,0.67,109,evaluation_wordlist.csv
0.1,200,19,19243,9938,19243,0.418,109,evaluation_wordlist.csv
0.1,200,20,13425,9336,13425,0.542,104,evaluation_wordlist.csv
0.1,200,21,11913,9839,11913,0.719,116,evaluation_wordlist.csv
0.1,200,22,29758,9847,29758,0.256,103,evaluation_wordlist.csv
0.1,200,23,26144,17691,26144,0.568,112,evaluation_wordlist.csv
0.1,200,24,16231,9965,16231,0.451,98,evaluation_wordlist.csv
0.1,200,25,27322,9343,27322,0.244,96,evaluation_wordlist.csv
0.1,200,26,9839,9684,21991,0.36,111,evaluation_wordlist.csv
0.1,200,27,27562,16656,27562,0.499,110,evaluation_wordlist.csv
0.1,200,28,26326,9837,26326,0.283,101,evaluation_wordlist.csv
0.1,200,29,29758,9914,29758,0.287,115,evaluation_wordlist.csv
0.1,200,30,16662,9990,16662,0.495,110,evaluation_wordlist.csv
0.1,200,31,19101,9681,19101,0.399,105,evaluation_wordlist.csv
0.1,200,32,11913,9907,23776,0.328,106,evaluation_wordlist.csv
0.1,200,33,27521,9206,29335,0.226,97,evaluation_wordlist.csv
0.1,200,34,15261,9874,15261,0.505,106,evaluation_wordlist.csv
0.1,200,35,9952,9522,9952,0.775,108,evaluation_wordlist.csv
0.1,200,36,22834,15914,22834,0.565,108,evaluation_wordlist.csv
0.1,200,37,26277,21460,27305,0.654,112,evaluation_wordlist.csv
0.1,200,38,22991,18720,22991,0.647,106,evaluation_wordlist.csv
0.1,200,39,9989,9779,9989,0.786,107,evaluation_wordlist.csv
0.1,200,40,19579,12990,19579,0.483,97,evaluation_wordlist.csv
0.1,200,41,26326,13364,26326,0.385,101,evaluation_wordlist.csv
0.1,200,42,26843,19897,26843,0.6,108,evaluation_wordlist.csv
0.1,200,43,27541,9773,27541,0.271,102,evaluation_wordlist.csv
0.1,200,44,23396,9308,23396,0.289,97,evaluation_wordlist.csv
0.1,200,45,12487,9719,18575,0.4,103,evaluation_wordlist.csv
0.1,200,46,23129,9910,23129,0.347,110,evaluation_wordlist.csv
0.1,200,47,27202,9867,27202,0.307,114,evaluation_wordlist.csv
0.1,200,48,27200,20147,27200,0.606,109,evaluation_wordlist.csv
0.1,200,49,27217,17908,27217,0.543,110,evaluation_wordlist.csv
0.1,200,50,17922,14125,29235,0.428,119,evaluation_wordlist.csv
0.1,200,51,21425,19702,21425,0.717,104,evaluation_wordlist.csv
0.1,200,52,29107,19243,29107,0.536,108,evaluation_wordlist.csv
0.1,200,53,14429,9729,14429,0.541,107,evaluation_wordlist.csv
0.1,200,54,29128,11667,29128,0.309,103,evaluation_wordlist.csv
0.1,200,55,15515,9472,15515,0.481,106,evaluation_wordlist.csv
0.1,200,56,27111,9923,27111,0.288,108,evaluation_wordlist.csv
0.1,200,57,27542,11628,27542,0.313,100,evaluation_wordlist.csv
0.1,200,58,23049,9934,23049,0.339,105,evaluation_wordlist.csv
0.1,200,59,9997,9841,24383,0.336,112,evaluation_wordlist.csv
0.1,200,60,27322,21010,27322,0.611,106,evaluation_wordlist.csv
0.1,200,61,22513,11112,22513,0.389,105,evaluation_wordlist.csv
0.1,200,62,11159,9698,27518,0.267,102,evaluation_wordlist.csv
0.1,200,63,27546,9993,27546,0.283,105,evaluation_wordlist.csv
0.1,200,64,17691,9668,17691,0.365,89,evaluation_wordlist.csv
0.1,200,65,18387,9922,18387,0.405,101,evaluation_wordlist.csv
0.1,200,66,29301,17720,29301,0.467,104,evaluation_wordlist.csv
0.1,200,67,23914,9787,23914,0.307,100,evaluation_wordlist.csv
0.1,200,68,9935,9516,29928,0.253,108,evaluation_wordlist.csv
0.1,200,69,29107,9710,29107,0.295,119,evaluation_wordlist.csv
0.1,200,70,23848,21991,23848,0.775,112,evaluation_wordlist.csv
0.1,200,71,27521,9737,27521,0.252,97,evaluation_wordlist.csv
0.1,200,72,9909,9539,20036,0.368,104,evaluation_wordlist.csv
0.1,200,73,24883,15922,24883,0.499,104,evaluation_wordlist.csv
0.1,200,74,26277,11131,26277,0.369,117,evaluation_wordlist.csv
0.1,200,75,28370,14534,28370,0.403,105,evaluation_wordlist.csv
0.1,200,76,23129,9865,23129,0.352,110,evaluation_wordlist.csv
0.1,200,77,27202,21881,27202,0.609,101,evaluation_wordlist.csv
0.1,200,78,16776,11666,16776,0.522,100,evaluation_wordlist.csv
0.1,200,79,18951,9566,18951,0.443,117,evaluation_wordlist.csv
0.1,200,80,18342,9900,24502,0.318,106,evaluation_wordlist.csv
0.1,200,81,26843,9796,26843,0.32,118,evaluation_wordlist.csv
0.1,200,82,29699,13153,29699,0.359,109,evaluation_wordlist.csv
0.1,200,83,9858,9608,27482,0.27,104,evaluation_wordlist.csv
0.1,200,84,27563,13674,27563,0.376,101,evaluation_wordlist.csv
0.1,200,85,26149,9749,26149,0.299,107,evaluation_wordlist.csv
0.1,200,86,28193,13364,28193,0.373,105,evaluation_wordlist.csv
0.1,200,87,29758,17908,29758,0.483,108,evaluation_wordlist.csv
0.1,200,88,24117,18440,24117,0.596,104,evaluation_wordlist.csv
0.1,200,89,9881,9845,9881,0.74,99,evaluation_wordlist.csv
0.1,200,90,23533,11001,23533,0.34,97,evaluation_wordlist.csv
0.1,200,91,22991,12484,22991,0.448,110,evaluation_wordlist.csv
0.1,200,92,20488,9962,29171,0.256,101,evaluation_wordlist.csv
0.1,200,93,20420,9930,20420,0.394,109,evaluation_wordlist.csv
0.1,200,94,18340,12505,18340,0.537,105,evaluation_wordlist.csv
0.1,200,95,29128,9798,29128,0.247,99,evaluation_wordlist.csv
0.1,200,96,26043,9678,26043,0.304,110,evaluation_wordlist.csv
0.1,200,97,29699,15012,29699,0.444,117,evaluation_wordlist.csv
0.1,200,98,27546,9823,27546,0.281,105,evaluation_wordlist.csv
0.1,200,99,27173,13382,27173,0.351,95,evaluation_wordlist.csv
0.1,200,100,26497,13412,26497,0.387,103,evaluation_wordlist.csv
0.1,300,1,11408,9636,29699,0.286,148,evaluation_wordlist.csv
0.1,300,2,26342,9860,26342,0.335,147,evaluation_wordlist.csv
0.1,300,3,27241,9952,27241,0.327,152,evaluation_wordlist.csv
0.1,300,4,27860,19702,27860,0.636,157,evaluation_wordlist.csv
0.1,300,5,26342,18290,26342,0.621,162,evaluation_wordlist.csv
0.1,300,6,29928,9963,29928,0.3,157,evaluation_wordlist.csv
0.1,300,7,17714,14534,23638,0.55,168,evaluation_wordlist.csv
0.1,300,8,26497,19243,26497,0.646,176,evaluation_wordlist.csv
0.1,300,9,27832,20075,27832,0.645,155,evaluation_wordlist.csv
0.1,300,10,11663,9828,21801,0.4,150,evaluation_wordlist.csv
0.1,300,11,27555,19152,27555,0.626,160,evaluation_wordlist.csv
0.1,300,12,26149,18951,29301,0.575,155,evaluation_wordlist.csv
0.1,300,13,24498,9981,24498,0.364,163,evaluation_wordlist.csv
0.1,300,14,21412,15515,21412,0.652,156,evaluation_wordlist.csv
0.1,300,15,26838,19897,26838,0.667,149,evaluation_wordlist.csv
0.1,300,16,29928,23848,29928,0.713,170,evaluation_wordlist.csv
0.1,300,17,29825,27305,29825,0.824,157,evaluation_wordlist.csv
0.1,300,18,16955,14525,27521,0.472,154,evaluation_wordlist.csv
0.1,300,19,29651,9882,29651,0.298,156,evaluation_wordlist.csv
0.1,300,20,26144,21406,26144,0.737,162,evaluation_wordlist.csv
0.1,300,21,29235,11961,29235,0.363,142,evaluation_wordlist.csv
0.1,300,22,28366,11154,28366,0.354,149,evaluation_wordlist.csv
0.1,300,23,29651,19579,29651,0.594,164,evaluation_wordlist.csv
0.1,300,24,28366,14530,28366,0.461,160,evaluation_wordlist.csv
0.1,300,25,29492,9693,29492,0.29,157,evaluation_wordlist.csv
0.1,300,26,27546,20970,27546,0.685,166,evaluation_wordlist.csv
0.1,300,27,27860,24385,27860,0.788,160,evaluation_wordlist.csv
0.1,300,28,24502,13382,24502,0.488,150,evaluation_wordlist.csv
0.1,300,29,29825,29301,29825,0.873,164,evaluation_wordlist.csv
0.1,300,30,23848,9711,23848,0.366,142,evaluation_wordlist.csv
0.1,300,31,26043,21796,29928,0.651,160,evaluation_wordlist.csv
0.1,300,32,23217,18951,23217,0.735,148,evaluation_wordlist.csv
0.1,300,33,26850,18968,29397,0.574,163,evaluation_wordlist.csv
0.1,300,34,29301,20488,29301,0.629,157,evaluation_wordlist.csv
0.1,300,35,23200,11761,23200,0.456,177,evaluation_wordlist.csv
0.1,300,36,29171,22991,29171,0.705,152,evaluation_wordlist.csv
0.1,300,37,26497,21412,26497,0.727,160,evaluation_wordlist.csv
0.1,300,38,27572,13343,27572,0.436,163,evaluation_wordlist.csv
0.1,300,39,11502,9921,11502,0.776,164,evaluation_wordlist.csv
0.1,300,40,11605,9986,17720,0.5,141,evaluation_wordlist.csv
0.1,300,41,24889,9976,24889,0.361,143,evaluation_wordlist.csv
0.1,300,42,26674,21090,26674,0.712,161,evaluation_wordlist.csv
0.1,300,43,29559,9911,29559,0.3,153,evaluation_wordlist.csv
0.1,300,44,27572,14530,27572,0.471,145,evaluation_wordlist.csv
0.1,300,45,27541,12483,27541,0.405,164,evaluation_wordlist.csv
0.1,300,46,19897,18146,22329,0.727,152,evaluation_wordlist.csv
0.1,300,47,29944,13425,29944,0.401,155,evaluation_wordlist.csv
0.1,300,48,27441,9974,27441,0.327,159,evaluation_wordlist.csv
0.1,300,49,29335,9875,29335,0.301,154,evaluation_wordlist.csv
0.1,300,50,29559,17759,29559,0.537,155,evaluation_wordlist.csv
0.1,300,51,14175,14051,21460,0.585,151,evaluation_wordlist.csv
0.1,300,52,22611,9961,22611,0.394,159,evaluation_wordlist.csv
0.1,300,53,15786,9863,21796,0.405,156,evaluation_wordlist.csv
0.1,300,54,29808,10486,29808,0.317,163,evaluation_wordlist.csv
0.1,300,55,29107,16474,29107,0.509,158,evaluation_wordlist.csv
0.1,300,56,27694,17176,27694,0.558,164,evaluation_wordlist.csv
0.1,300,57,27173,26277,27173,0.87,160,evaluation_wordlist.csv
0.1,300,58,19931,12983,19931,0.586,154,evaluation_wordlist.csv
0.1,300,59,21000,15914,21000,0.682,162,evaluation_wordlist.csv
0.1,300,60,28190,9981,29949,0.296,149,evaluation_wordlist.csv
0.1,300,61,21003,13972,21003,0.595,163,evaluation_wordlist.csv
0.1,300,62,27392,16846,27392,0.55,163,evaluation_wordlist.csv
0.1,300,63,29559,9821,29559,0.299,150,evaluation_wordlist.csv
0.1,300,64,29928,9878,29928,0.295,153,evaluation_wordlist.csv
0.1,300,65,29492,9979,29492,0.301,167,evaluation_wordlist.csv
0.1,300,66,27832,20488,29397,0.623,153,evaluation_wordlist.csv
0.1,300,67,29944,9979,29944,0.298,168,evaluation_wordlist.csv
0.1,300,68,26326,9896,26326,0.336,139,evaluation_wordlist.csv
0.1,300,69,22538,9994,22538,0.399,159,evaluation_wordlist.csv
0.1,300,70,23396,18720,23396,0.72,145,evaluation_wordlist.csv
0.1,300,71,27563,9743,27563,0.316,164,evaluation_wordlist.csv
0.1,300,72,27521,23090,27521,0.75,155,evaluation_wordlist.csv
0.1,300,73,27441,20970,27441,0.688,158,evaluation_wordlist.csv
0.1,300,74,28250,17040,28250,0.543,142,evaluation_wordlist.csv
0.1,300,75,15191,9963,15191,0.586,151,evaluation_wordlist.csv
0.1,300,76,28193,9940,28193,0.315,171,evaluation_wordlist.csv
0.1,300,77,27521,9968,27521,0.322,168,evaluation_wordlist.csv
0.1,300,78,28193,9960,28193,0.316,154,evaluation_wordlist.csv
0.1,300,79,28545,10606,28545,0.33,161,evaluation_wordlist.csv
0.1,300,80,27521,9988,27521,0.324,150,evaluation_wordlist.csv
0.1,300,81,29944,27546,29944,0.823,163,evaluation_wordlist.csv
0.1,300,82,29949,28545,29949,0.853,163,evaluation_wordlist.csv
0.1,300,83,26850,11506,26850,0.383,153,evaluation_wordlist.csv
0.1,300,84,19972,9836,19972,0.441,164,evaluation_wordlist.csv
0.1,300,85,29651,12901,29651,0.392,147,evaluation_wordlist.csv
0.1,300,86,15922,9795,27521,0.316,152,evaluation_wordlist.csv
0.1,300,87,28545,17216,28545,0.543,165,evaluation_wordlist.csv
0.1,300,88,23776,19972,29107,0.614,155,evaluation_wordlist.csv
0.1,300,89,28366,13416,29658,0.4,173,evaluation_wordlist.csv
0.1,300,90,29171,21412,29171,0.656,155,evaluation_wordlist.csv
0.1,300,91,19094,9856,19094,0.462,162,evaluation_wordlist.csv
0.1,300,92,13437,9985,23557,0.374,149,evaluation_wordlist.csv
0.1,300,93,29591,23268,29591,0.708,167,evaluation_wordlist.csv
0.1,300,94,19401,15086,29699,0.454,161,evaluation_wordlist.csv
0.1,300,95,29591,13996,29591,0.426,156,evaluation_wordlist.csv
0.1,300,96,19151,11400,26093,0.39,145,evaluation_wordlist.csv
0.1,300,97,21793,15202,29128,0.461,166,evaluation_wordlist.csv
0.1,300,98,20488,9913,20488,0.432,147,evaluation_wordlist.csv
0.1,300,99,29086,21406,29086,0.658,163,evaluation_wordlist.csv
0.1,300,100,29559,15909,29559,0.484,158,evaluation_wordlist.csv
0.1,400,1,28534,18386,28534,0.577,223,evaluation_wordlist.csv
0.1,400,2,27352,13996,27352,0.458,202,evaluation_wordlist.csv
0.1,400,3,29082,27173,29082,0.837,207,evaluation_wordlist.csv
0.1,400,4,27860,9777,27860,0.313,197,evaluation_wordlist.csv
0.1,400,5,27352,19518,27352,0.642,213,evaluation_wordlist.csv
0.1,400,6,27176,19811,27176,0.656,212,evaluation_wordlist.csv
0.1,400,7,16955,11154,27521,0.362,225,evaluation_wordlist.csv
0.1,400,8,29335,11194,29335,0.34,209,evaluation_wordlist.csv
0.1,400,9,29492,9907,29492,0.301,201,evaluation_wordlist.csv
0.1,400,10,26149,9945,26149,0.341,210,evaluation_wordlist.csv
0.1,400,11,29758,11605,29758,0.346,227,evaluation_wordlist.csv
0.1,400,12,27202,15122,27202,0.5,188,evaluation_wordlist.csv
0.1,400,13,29397,13913,29397,0.42,203,evaluation_wordlist.csv
0.1,400,14,19025,11154,26838,0.372,225,evaluation_wordlist.csv
0.1,400,15,29301,9868,29301,0.302,214,evaluation_wordlist.csv
0.1,400,16,23217,13382,23217,0.516,211,evaluation_wordlist.csv
0.1,400,17,13726,9927,29825,0.298,219,evaluation_wordlist.csv
0.1,400,18,23049,11628,27688,0.373,209,evaluation_wordlist.csv
0.1,400,19,26497,15012,26497,0.507,199,evaluation_wordlist.csv
0.1,400,20,24383,9986,24383,0.362,217,evaluation_wordlist.csv
0.1,400,21,17161,9762,27200,0.319,215,evaluation_wordlist.csv
0.1,400,22,21405,13364,28250,0.424,214,evaluation_wordlist.csv
0.1,400,23,29758,9993,29758,0.302,221,evaluation_wordlist.csv
0.1,400,24,25960,13707,25960,0.475,197,evaluation_wordlist.csv
0.1,400,25,29082,19811,29082,0.61,201,evaluation_wordlist.csv
0.1,400,26,27217,22999,27217,0.761,213,evaluation_wordlist.csv
0.1,400,27,29107,14752,29107,0.456,203,evaluation_wordlist.csv
0.1,400,28,29335,9947,29335,0.304,195,evaluation_wordlist.csv
0.1,400,29,29086,9831,29086,0.299,214,evaluation_wordlist.csv
0.1,400,30,29086,9786,29086,0.301,217,evaluation_wordlist.csv
0.1,400,31,29171,18427,29171,0.566,224,evaluation_wordlist.csv
0.1,400,32,28190,21801,28190,0.696,204,evaluation_wordlist.csv
0.1,400,33,19152,17128,26149,0.587,209,evaluation_wordlist.csv
0.1,400,34,28250,21010,28250,0.666,220,evaluation_wordlist.csv
0.1,400,35,18302,17104,27542,0.553,200,evaluation_wordlist.csv
0.1,400,36,23557,21605,23557,0.825,197,evaluation_wordlist.csv
0.1,400,37,20017,11400,20017,0.51,213,evaluation_wordlist.csv
0.1,400,38,27518,9984,27518,0.325,202,evaluation_wordlist.csv
0.1,400,39,11425,9857,27688,0.315,189,evaluation_wordlist.csv
0.1,400,40,27694,21000,27694,0.682,203,evaluation_wordlist.csv
0.1,400,41,21425,11191,28190,0.354,220,evaluation_wordlist.csv
0.1,400,42,26838,15179,26838,0.507,226,evaluation_wordlist.csv
0.1,400,43,28545,21796,28545,0.687,225,evaluation_wordlist.csv
0.1,400,44,20420,17128,22329,0.687,221,evaluation_wordlist.csv
0.1,400,45,29808,21406,29808,0.646,195,evaluation_wordlist.csv
0.1,400,46,27546,11727,29086,0.359,211,evaluation_wordlist.csv
0.1,400,47,22991,19702,26838,0.658,221,evaluation_wordlist.csv
0.1,400,48,29559,26043,29559,0.793,211,evaluation_wordlist.csv
0.1,400,49,27176,19094,27176,0.632,225,evaluation_wordlist.csv
0.1,400,50,24498,9994,24498,0.365,208,evaluation_wordlist.csv
0.1,400,51,28549,18575,28549,0.586,214,evaluation_wordlist.csv
0.1,400,52,29758,27688,29758,0.837,203,evaluation_wordlist.csv
0.1,400,53,29651,23129,29651,0.702,209,evaluation_wordlist.csv
0.1,400,54,10083,9819,26497,0.329,202,evaluation_wordlist.csv
0.1,400,55,29107,20147,29107,0.623,201,evaluation_wordlist.csv
0.1,400,56,27521,23217,27521,0.759,203,evaluation_wordlist.csv
0.1,400,57,29128,11408,29128,0.352,222,evaluation_wordlist.csv
0.1,400,58,27180,20420,27180,0.673,193,evaluation_wordlist.csv
0.1,400,59,27518,18342,27518,0.594,190,evaluation_wordlist.csv
0.1,400,60,29658,16705,29658,0.507,208,evaluation_wordlist.csv
0.1,400,61,10200,9937,29418,0.3,216,evaluation_wordlist.csv
0.1,400,62,29492,18440,29492,0.555,214,evaluation_wordlist.csv
0.1,400,63,22217,11146,22217,0.449,195,evaluation_wordlist.csv
0.1,400,64,27441,10083,27441,0.328,208,evaluation_wordlist.csv
0.1,400,65,26838,23848,26838,0.8,194,evaluation_wordlist.csv
0.1,400,66,21954,14540,21954,0.593,211,evaluation_wordlist.csv
0.1,400,67,26144,18079,26144,0.619,203,evaluation_wordlist.csv
0.1,400,68,26277,23557,29171,0.716,209,evaluation_wordlist.csv
0.1,400,69,29817,26850,29817,0.807,222,evaluation_wordlist.csv
0.1,400,70,22991,18951,27180,0.625,222,evaluation_wordlist.csv
0.1,400,71,21405,9865,21405,0.415,214,evaluation_wordlist.csv
0.1,400,72,23776,13411,23776,0.505,207,evaluation_wordlist.csv
0.1,400,73,26838,19811,29559,0.597,204,evaluation_wordlist.csv
0.1,400,74,28366,20970,28366,0.662,194,evaluation_wordlist.csv
0.1,400,75,27521,23049,27521,0.754,194,evaluation_wordlist.csv
0.1,400,76,29301,21090,29301,0.639,215,evaluation_wordlist.csv
0.1,400,77,17138,9939,27482,0.319,214,evaluation_wordlist.csv
0.1,400,78,29492,21605,29492,0.656,213,evaluation_wordlist.csv
0.1,400,79,27217,14525,27217,0.48,212,evaluation_wordlist.csv
0.1,400,80,29171,22500,29171,0.691,197,evaluation_wordlist.csv
0.1,400,81,17720,9805,17720,0.491,212,evaluation_wordlist.csv
0.1,400,82,17922,16577,29949,0.496,213,evaluation_wordlist.csv
0.1,400,83,24883,17968,28534,0.562,218,evaluation_wordlist.csv
0.1,400,84,29559,23204,29559,0.703,215,evaluation_wordlist.csv
0.1,400,85,29825,29093,29825,0.878,212,evaluation_wordlist.csv
0.1,400,86,28250,23129,28250,0.734,233,evaluation_wordlist.csv
0.1,400,87,21416,15326,21416,0.644,197,evaluation_wordlist.csv
0.1,400,88,29128,9959,29128,0.303,204,evaluation_wordlist.csv
0.1,400,89,27563,9988,27563,0.321,204,evaluation_wordlist.csv
0.1,400,90,27562,16474,27562,0.536,229,evaluation_wordlist.csv
0.1,400,91,22991,12484,22991,0.489,210,evaluation_wordlist.csv
0.1,400,92,23997,9950,23997,0.368,212,evaluation_wordlist.csv
0.1,400,93,17784,9835,17784,0.495,220,evaluation_wordlist.csv
0.1,400,94,28549,22991,28549,0.715,217,evaluation_wordlist.csv
0.1,400,95,29492,19101,29492,0.583,214,evaluation_wordlist.csv
0.1,400,96,11663,9893,27542,0.319,220,evaluation_wordlist.csv
0.1,400,97,29418,20017,29418,0.61,212,evaluation_wordlist.csv
0.1,400,98,29171,24383,29171,0.752,205,evaluation_wordlist.csv
0.1,400,99,21436,9975,27860,0.318,223,evaluation_wordlist.csv
0.1,400,100,26602,11913,29093,0.367,213,evaluation_wordlist.csv
0.2,200,1,18440,9562,27542,0.268,105,evaluation_wordlist.csv
0.2,200,2,9971,9769,29758,0.276,113,evaluation_wordlist.csv
0.2,200,3,12983,9898,12983,0.64,112,evaluation_wordlist.csv
0.2,200,4,18440,14429,18440,0.587,100,evaluation_wordlist.csv
0.2,200,5,28370,9933,28370,0.265,101,evaluation_wordlist.csv
0.2,200,6,21422,9994,21422,0.336,96,evaluation_wordlist.csv
0.2,200,7,26043,9893,26043,0.311,109,evaluation_wordlist.csv
0.2,200,8,13854,9946,13854,0.641,119,evaluation_wordlist.csv
0.2,200,9,19972,9908,29758,0.232,94,evaluation_wordlist.csv
0.2,200,10,9945,9653,29086,0.249,102,evaluation_wordlist.csv
0.2,200,11,23638,9909,23638,0.368,123,evaluation_wordlist.csv
0.2,200,12,9897,9539,29591,0.235,98,evaluation_wordlist.csv
0.2,200,13,9989,9941,9989,0.717,96,evaluation_wordlist.csv
0.2,200,14,11667,9777,11667,0.622,99,evaluation_wordlist.csv
0.2,200,15,29086,9715,29086,0.253,104,evaluation_wordlist.csv
0.2,200,16,28549,26149,28549,0.728,106,evaluation_wordlist.csv
0.2,200,17,17968,9892,17968,0.409,99,evaluation_wordlist.csv
0.2,200,18,9863,9762,9863,0.794,107,evaluation_wordlist.csv
0.2,200,19,10627,9736,28549,0.266,106,evaluation_wordlist.csv
0.2,200,20,23533,9966,23533,0.305,97,evaluation_wordlist.csv
0.2,200,21,20627,13364,20627,0.486,103,evaluation_wordlist.csv
0.2,200,22,20970,13999,26144,0.398,100,evaluation_wordlist.csv
0.2,200,23,21000,9732,27352,0.259,100,evaluation_wordlist.csv
0.2,200,24,27200,9873,27572,0.277,107,evaluation_wordlist.csv
0.2,200,25,9983,9523,29301,0.28,117,evaluation_wordlist.csv
0.2,200,26,28370,9970,28370,0.287,111,evaluation_wordlist.csv
0.2,200,27,19094,16231,19094,0.606,95,evaluation_wordlist.csv
0.2,200,28,27352,9832,27352,0.286,106,evaluation_wordlist.csv
0.2,200,29,14401,9987,14401,0.515,99,evaluation_wordlist.csv
0.2,200,30,11628,9634,21422,0.371,111,evaluation_wordlist.csv
0.2,200,31,14526,10402,29825,0.29,112,evaluation_wordlist.csv
0.2,200,32,27518,11670,27518,0.331,104,evaluation_wordlist.csv
0.2,200,33,18852,9923,19918,0.426,116,evaluation_wordlist.csv
0.2,200,34,29492,9836,29492,0.253,102,evaluation_wordlist.csv
0.2,200,35,27322,12664,27322,0.33,95,evaluation_wordlist.csv
0.2,200,36,9922,9669,18996,0.389,103,evaluation_wordlist.csv
0.2,200,37,18297,11408,18297,0.463,99,evaluation_wordlist.csv
0.2,200,38,9955,9646,19554,0.392,107,evaluation_wordlist.csv
0.2,200,39,29171,9985,29171,0.244,95,evaluation_wordlist.csv
0.2,200,40,21003,9941,21003,0.362,102,evaluation_wordlist.csv
0.2,200,41,13726,9579,18500,0.439,114,evaluation_wordlist.csv
0.2,200,42,12625,9626,12625,0.635,111,evaluation_wordlist.csv
0.2,200,43,27860,23095,27860,0.671,108,evaluation_wordlist.csv
0.2,200,44,29651,9904,29651,0.256,103,evaluation_wordlist.csv
0.2,200,45,15909,9947,15909,0.535,114,evaluation_wordlist.csv
0.2,200,46,9963,9637,29086,0.244,100,evaluation_wordlist.csv
0.2,200,47,9941,9610,9941,0.754,104,evaluation_wordlist.csv
0.2,200,48,9976,9573,28193,0.244,99,evaluation_wordlist.csv
0.2,200,49,23230,9954,23230,0.341,107,evaluation_wordlist.csv
0.2,200,50,9838,9383,21003,0.295,89,evaluation_wordlist.csv
0.2,200,51,21801,9512,21801,0.344,106,evaluation_wordlist.csv
0.2,200,52,19152,9974,19152,0.394,101,evaluation_wordlist.csv
0.2,200,53,19020,9549,19020,0.433,116,evaluation_wordlist.csv
0.2,200,54,17691,9954,26043,0.301,106,evaluation_wordlist.csv
0.2,200,55,9999,9638,27322,0.249,95,evaluation_wordlist.csv
0.2,200,56,16955,9385,16955,0.415,100,evaluation_wordlist.csv
0.2,200,57,29093,9716,29093,0.283,114,evaluation_wordlist.csv
0.2,200,58,18504,9983,18504,0.421,104,evaluation_wordlist.csv
0.2,200,59,9956,9570,27322,0.271,104,evaluation_wordlist.csv
0.2,200,60,13726,9911,18504,0.442,111,evaluation_wordlist.csv
0.2,200,61,27694,9428,27694,0.266,106,evaluation_wordlist.csv
0.2,200,62,27541,13412,27541,0.369,104,evaluation_wordlist.csv
0.2,200,63,10026,9788,29171,0.277,112,evaluation_wordlist.csv
0.2,200,64,23049,9944,23049,0.356,111,evaluation_wordlist.csv
0.2,200,65,27521,9981,27521,0.286,108,evaluation_wordlist.csv
0.2,200,66,9967,9890,18079,0.431,106,evaluation_wordlist.csv
0.2,200,67,27180,9602,29397,0.216,91,evaluation_wordlist.csv
0.2,200,68,19402,9505,29235,0.251,105,evaluation_wordlist.csv
0.2,200,69,19025,9916,26342,0.294,105,evaluation_wordlist.csv
0.2,200,70,9960,9750,9960,0.764,104,evaluation_wordlist.csv
0.2,200,71,16705,9621,16705,0.436,102,evaluation_wordlist.csv
0.2,200,72,15012,9904,15012,0.559,113,evaluation_wordlist.csv
0.2,200,73,11628,9965,26149,0.334,118,evaluation_wordlist.csv
0.2,200,74,14022,9746,24383,0.282,97,evaluation_wordlist.csv
0.2,200,75,11534,9558,21090,0.35,105,evaluation_wordlist.csv
0.2,200,76,29335,15515,29335,0.444,113,evaluation_wordlist.csv
0.2,200,77,12663,9982,12663,0.585,99,evaluation_wordlist.csv
0.2,200,78,22999,19025,22999,0.701,114,evaluation_wordlist.csv
0.2,200,79,9941,9554,22834,0.329,106,evaluation_wordlist.csv
0.2,200,80,9890,9422,9890,0.75,105,evaluation_wordlist.csv
0.2,200,81,16846,9551,27694,0.295,116,evaluation_wordlist.csv
0.2,200,82,29928,9752,29928,0.252,105,evaluation_wordlist.csv
0.2,200,83,18342,9714,18342,0.437,110,evaluation_wordlist.csv
0.2,200,84,19106,9914,19106,0.413,107,evaluation_wordlist.csv
0.2,200,85,9858,9568,29235,0.25,103,evaluation_wordlist.csv
0.2,200,86,13254,9901,13254,0.56,100,evaluation_wordlist.csv
0.2,200,87,18079,10026,18079,0.433,104,evaluation_wordlist.csv
0.2,200,88,19402,9815,19402,0.421,111,evaluation_wordlist.csv
0.2,200,89,17714,9739,17714,0.416,102,evaluation_wordlist.csv
0.2,200,90,21825,9812,21825,0.364,108,evaluation_wordlist.csv
0.2,200,91,29397,10627,29397,0.271,100,evaluation_wordlist.csv
0.2,200,92,9734,9656,19811,0.406,112,evaluation_wordlist.csv
0.2,200,93,22834,9933,22834,0.343,106,evaluation_wordlist.csv
0.2,200,94,18079,9742,22329,0.34,106,evaluation_wordlist.csv
0.2,200,95,22834,9645,22834,0.298,96,evaluation_wordlist.csv
0.2,200,96,16662,9837,16662,0.399,90,evaluation_wordlist.csv
0.2,200,97,26850,11631,27322,0.322,102,evaluation_wordlist.csv
0.2,200,98,9819,9717,22329,0.343,106,evaluation_wordlist.csv
0.2,200,99,9937,9856,28545,0.303,119,evaluation_wordlist.csv
0.2,200,100,9970,9283,9970,0.719,103,evaluation_wordlist.csv
0.2,300,1,21412,9983,23268,0.379,162,evaluation_wordlist.csv
0.2,300,2,25046,12664,25046,0.455,140,evaluation_wordlist.csv
0.2,300,3,24383,14500,29235,0.443,151,evaluation_wordlist.csv
0.2,300,4,19702,9904,27521,0.322,167,evaluation_wordlist.csv
0.2,300,5,14525,9888,27176,0.326,167,evaluation_wordlist.csv
0.2,300,6,9918,9703,23914,0.363,158,evaluation_wordlist.csv
0.2,300,7,22834,9837,22834,0.385,173,evaluation_wordlist.csv
0.2,300,8,26144,9919,26144,0.335,159,evaluation_wordlist.csv
0.2,300,9,18342,9971,21425,0.409,162,evaluation_wordlist.csv
0.2,300,10,29335,19249,29335,0.591,158,evaluation_wordlist.csv
0.2,300,11,9954,9657,9954,0.873,161,evaluation_wordlist.csv
0.2,300,12,19243,9924,19243,0.461,168,evaluation_wordlist.csv
0.2,300,13,29235,19554,29235,0.602,154,evaluation_wordlist.csv
0.2,300,14,9986,9774,28190,0.308,156,evaluation_wordlist.csv
0.2,300,15,27542,9699,27542,0.311,151,evaluation_wordlist.csv
0.2,300,16,18146,9631,18146,0.475,153,evaluation_wordlist.csv
0.2,300,17,13177,9791,27176,0.32,163,evaluation_wordlist.csv
0.2,300,18,28534,9981,28534,0.313,146,evaluation_wordlist.csv
0.2,300,19,14051,9952,14051,0.637,160,evaluation_wordlist.csv
0.2,300,20,26326,11758,26326,0.402,156,evaluation_wordlist.csv
0.2,300,21,24383,13412,24383,0.495,149,evaluation_wordlist.csv
0.2,300,22,27555,13412,28549,0.412,161,evaluation_wordlist.csv
0.2,300,23,29301,9926,29301,0.297,149,evaluation_wordlist.csv
0.2,300,24,28370,9988,28370,0.313,149,evaluation_wordlist.csv
0.2,300,25,29171,9824,29171,0.297,147,evaluation_wordlist.csv
0.2,300,26,9987,9794,27546,0.316,159,evaluation_wordlist.csv
0.2,300,27,9959,9849,19101,0.458,162,evaluation_wordlist.csv
0.2,300,28,12908,9890,12908,0.69,152,evaluation_wordlist.csv
0.2,300,29,20970,13425,27202,0.439,159,evaluation_wordlist.csv
0.2,300,30,28193,12990,28193,0.41,170,evaluation_wordlist.csv
0.2,300,31,12470,9651,15909,0.542,141,evaluation_wordlist.csv
0.2,300,32,9992,9909,27362,0.324,174,evaluation_wordlist.csv
0.2,300,33,23557,15786,23557,0.599,162,evaluation_wordlist.csv
0.2,300,34,9984,9855,18790,0.466,163,evaluation_wordlist.csv
0.2,300,35,21099,11400,21099,0.486,154,evaluation_wordlist.csv
0.2,300,36,9959,9948,13162,0.668,163,evaluation_wordlist.csv
0.2,300,37,10402,9937,27305,0.322,178,evaluation_wordlist.csv
0.2,300,38,21460,9976,21460,0.418,162,evaluation_wordlist.csv
0.2,300,39,17986,9903,17986,0.496,144,evaluation_wordlist.csv
0.2,300,40,10995,9903,13364,0.651,172,evaluation_wordlist.csv
0.2,300,41,9994,9845,22320,0.392,150,evaluation_wordlist.csv
0.2,300,42,27362,11001,27362,0.362,157,evaluation_wordlist.csv
0.2,300,43,9962,9885,29758,0.295,164,evaluation_wordlist.csv
0.2,300,44,24383,10627,24383,0.392,150,evaluation_wordlist.csv
0.2,300,45,29492,9977,29492,0.304,157,evaluation_wordlist.csv
0.2,300,46,27555,9985,27555,0.322,151,evaluation_wordlist.csv
0.2,300,47,19811,10083,19811,0.453,171,evaluation_wordlist.csv
0.2,300,48,27322,9829,27322,0.32,164,evaluation_wordlist.csv
0.2,300,49,29808,15086,29808,0.452,145,evaluation_wordlist.csv
0.2,300,50,29817,9991,29817,0.3,148,evaluation_wordlist.csv
0.2,300,51,22611,13996,22611,0.554,156,evaluation_wordlist.csv
0.2,300,52,20075,17714,20075,0.794,144,evaluation_wordlist.csv
0.2,300,53,29758,9982,29758,0.3,145,evaluation_wordlist.csv
0.2,300,54,21412,9764,28193,0.307,144,evaluation_wordlist.csv
0.2,300,55,11666,9865,11666,0.751,151,evaluation_wordlist.csv
0.2,300,56,29086,9934,29086,0.303,140,evaluation_wordlist.csv
0.2,300,57,11475,9835,23200,0.377,155,evaluation_wordlist.csv
0.2,300,58,9828,9768,28549,0.299,146,evaluation_wordlist.csv
0.2,300,59,12483,9903,29492,0.298,154,evaluation_wordlist.csv
0.2,300,60,14125,9560,14125,0.605,153,evaluation_wordlist.csv
0.2,300,61,17691,9932,17691,0.505,146,evaluation_wordlist.csv
0.2,300,62,13164,9787,13164,0.669,139,evaluation_wordlist.csv
0.2,300,63,9961,9884,23230,0.381,161,evaluation_wordlist.csv
0.2,300,64,10402,9751,24383,0.358,157,evaluation_wordlist.csv
0.2,300,65,18790,9838,18790,0.468,161,evaluation_wordlist.csv
0.2,300,66,13936,9983,27518,0.322,151,evaluation_wordlist.csv
0.2,300,67,11475,9800,11475,0.769,160,evaluation_wordlist.csv
0.2,300,68,11761,9795,27202,0.318,157,evaluation_wordlist.csv
0.2,300,69,27392,16473,27392,0.538,158,evaluation_wordlist.csv
0.2,300,70,28545,12908,28545,0.404,154,evaluation_wordlist.csv
0.2,300,71,21825,9960,21825,0.408,162,evaluation_wordlist.csv
0.2,300,72,29301,18996,29301,0.58,149,evaluation_wordlist.csv
0.2,300,73,29093,17968,29093,0.556,152,evaluation_wordlist.csv
0.2,300,74,9973,9562,10402,0.822,151,evaluation_wordlist.csv
0.2,300,75,10191,9681,19134,0.449,145,evaluation_wordlist.csv
0.2,300,76,18504,13411,18504,0.652,152,evaluation_wordlist.csv
0.2,300,77,10083,9967,19025,0.468,153,evaluation_wordlist.csv
0.2,300,78,9869,9520,29171,0.29,145,evaluation_wordlist.csv
0.2,300,79,26199,9752,26199,0.328,144,evaluation_wordlist.csv
0.2,300,80,19554,9961,26326,0.338,156,evaluation_wordlist.csv
0.2,300,81,9830,9807,26497,0.325,129,evaluation_wordlist.csv
0.2,300,82,17968,9884,17968,0.495,157,evaluation_wordlist.csv
0.2,300,83,9805,9733,18852,0.462,148,evaluation_wordlist.csv
0.2,300,84,18996,9993,26342,0.337,158,evaluation_wordlist.csv
0.2,300,85,9947,9508,23095,0.361,154,evaluation_wordlist.csv
0.2,300,86,19094,9901,21825,0.4,145,evaluation_wordlist.csv
0.2,300,87,26149,10212,26149,0.349,157,evaluation_wordlist.csv
0.2,300,88,19972,13999,19972,0.631,153,evaluation_wordlist.csv
0.2,300,89,9911,9774,24385,0.356,167,evaluation_wordlist.csv
0.2,300,90,29591,9961,29591,0.299,154,evaluation_wordlist.csv
0.2,300,91,16421,9926,29171,0.304,152,evaluation_wordlist.csv
0.2,300,92,9995,9779,27352,0.318,160,evaluation_wordlist.csv
0.2,300,93,29651,12983,29651,0.394,174,evaluation_wordlist.csv
0.2,300,94,26277,9987,26277,0.342,155,evaluation_wordlist.csv
0.2,300,95,27362,9834,27362,0.321,146,evaluation_wordlist.csv
0.2,300,96,9994,9859,14175,0.614,158,evaluation_wordlist.csv
0.2,300,97,29808,9908,29808,0.297,150,evaluation_wordlist.csv
0.2,300,98,27521,18419,27521,0.602,157,evaluation_wordlist.csv
0.2,300,99,9967,9911,11408,0.777,167,evaluation_wordlist.csv
0.2,300,100,21801,9792,21801,0.394,151,evaluation_wordlist.csv
0.2,400,1,17922,11667,29093,0.356,202,evaluation_wordlist.csv
0.2,400,2,24883,9975,24883,0.359,219,evaluation_wordlist.csv
0.2,400,3,21425,15922,29591,0.482,213,evaluation_wordlist.csv
0.2,400,4,18297,9923,27202,0.322,217,evaluation_wordlist.csv
0.2,400,5,9930,9886,29492,0.298,218,evaluation_wordlist.csv
0.2,400,6,27322,9998,27322,0.325,222,evaluation_wordlist.csv
0.2,400,7,28193,9995,28193,0.318,209,evaluation_wordlist.csv
0.2,400,8,28545,9905,28545,0.309,198,evaluation_wordlist.csv
0.2,400,9,18852,9975,21825,0.407,214,evaluation_wordlist.csv
0.2,400,10,26342,15171,29492,0.456,207,evaluation_wordlist.csv
0.2,400,11,25046,9962,25046,0.351,207,evaluation_wordlist.csv
0.2,400,12,29817,9980,29817,0.298,215,evaluation_wordlist.csv
0.2,400,13,27180,9945,27180,0.328,195,evaluation_wordlist.csv
0.2,400,14,11628,11506,27352,0.369,206,evaluation_wordlist.csv
0.2,400,15,24385,14483,29817,0.431,208,evaluation_wordlist.csv
0.2,400,16,16955,13164,18079,0.652,196,evaluation_wordlist.csv
0.2,400,17,27521,15191,29817,0.45,218,evaluation_wordlist.csv
0.2,400,18,23914,12484,23914,0.465,198,evaluation_wordlist.csv
0.2,400,19,20075,9892,20075,0.437,203,evaluation_wordlist.csv
0.2,400,20,19918,9972,19918,0.448,203,evaluation_wordlist.csv
0.2,400,21,23200,11605,27860,0.373,205,evaluation_wordlist.csv
0.2,400,22,17784,9893,29591,0.295,205,evaluation_wordlist.csv
0.2,400,23,11727,9957,26342,0.332,210,evaluation_wordlist.csv
0.2,400,24,15511,9943,27352,0.323,211,evaluation_wordlist.csv
0.2,400,25,23914,9877,23914,0.37,207,evaluation_wordlist.csv
0.2,400,26,17128,9961,24383,0.361,212,evaluation_wordlist.csv
0.2,400,27,26326,9815,26326,0.332,203,evaluation_wordlist.csv
0.2,400,28,10591,9972,29335,0.299,210,evaluation_wordlist.csv
0.2,400,29,20075,13364,29086,0.41,218,evaluation_wordlist.csv
0.2,400,30,19101,9829,27541,0.315,211,evaluation_wordlist.csv
0.2,400,31,11666,9931,27322,0.32,216,evaluation_wordlist.csv
0.2,400,32,23049,10257,23049,0.397,202,evaluation_wordlist.csv
0.2,400,33,9974,9778,27305,0.318,206,evaluation_wordlist.csv
0.2,400,34,20030,9806,20030,0.439,209,evaluation_wordlist.csv
0.2,400,35,20970,9906,28366,0.31,209,evaluation_wordlist.csv
0.2,400,36,17691,9863,17691,0.499,202,evaluation_wordlist.csv
0.2,400,37,9975,9972,22500,0.389,207,evaluation_wordlist.csv
0.2,400,38,27694,19243,27694,0.619,207,evaluation_wordlist.csv
0.2,400,39,9883,9808,16662,0.527,203,evaluation_wordlist.csv
0.2,400,40,9988,9753,29171,0.294,215,evaluation_wordlist.csv
0.2,400,41,13726,9974,22641,0.395,217,evaluation_wordlist.csv
0.2,400,42,16846,9974,29397,0.301,215,evaluation_wordlist.csv
0.2,400,43,23848,9996,23848,0.375,202,evaluation_wordlist.csv
0.2,400,44,23638,9864,27362,0.321,203,evaluation_wordlist.csv
0.2,400,45,10083,9944,26199,0.337,208,evaluation_wordlist.csv
0.2,400,46,29335,9975,29335,0.3,215,evaluation_wordlist.csv
0.2,400,47,23230,11191,23230,0.434,201,evaluation_wordlist.csv
0.2,400,48,18790,9916,18790,0.473,214,evaluation_wordlist.csv
0.2,400,49,18297,14401,18297,0.708,203,evaluation_wordlist.csv
0.2,400,50,9955,9795,28370,0.304,194,evaluation_wordlist.csv
0.2,400,51,26144,9892,29651,0.295,187,evaluation_wordlist.csv
0.2,400,52,10257,9943,23217,0.375,229,evaluation_wordlist.csv
0.2,400,53,16705,15909,26144,0.542,205,evaluation_wordlist.csv
0.2,400,54,27521,9868,29928,0.294,202,evaluation_wordlist.csv
0.2,400,55,22999,9852,24383,0.355,213,evaluation_wordlist.csv
0.2,400,56,18302,11399,22587,0.448,205,evaluation_wordlist.csv
0.2,400,57,11112,10606,27322,0.346,209,evaluation_wordlist.csv
0.2,400,58,29335,21422,29335,0.657,214,evaluation_wordlist.csv
0.2,400,59,17161,15922,21436,0.665,207,evaluation_wordlist.csv
0.2,400,60,13999,9953,15515,0.575,205,evaluation_wordlist.csv
0.2,400,61,16705,9948,21412,0.416,207,evaluation_wordlist.csv
0.2,400,62,27482,9989,27482,0.321,221,evaluation_wordlist.csv
0.2,400,63,18504,9931,20627,0.431,212,evaluation_wordlist.csv
0.2,400,64,19554,9991,19554,0.46,201,evaluation_wordlist.csv
0.2,400,65,18724,9925,27518,0.317,223,evaluation_wordlist.csv
0.2,400,66,17543,9953,17543,0.508,203,evaluation_wordlist.csv
0.2,400,67,21003,17922,21003,0.768,210,evaluation_wordlist.csv
0.2,400,68,17128,16474,27521,0.534,219,evaluation_wordlist.csv
0.2,400,69,10191,9925,10191,0.868,202,evaluation_wordlist.csv
0.2,400,70,14125,9976,22834,0.391,206,evaluation_wordlist.csv
0.2,400,71,27546,10627,27546,0.346,207,evaluation_wordlist.csv
0.2,400,72,29944,9990,29944,0.297,206,evaluation_wordlist.csv
0.2,400,73,12983,9986,29651,0.3,200,evaluation_wordlist.csv
0.2,400,74,24883,9997,28370,0.31,213,evaluation_wordlist.csv
0.2,400,75,9984,9827,26843,0.326,196,evaluation_wordlist.csv
0.2,400,76,16728,13162,16728,0.708,194,evaluation_wordlist.csv
0.2,400,77,17176,17094,24385,0.628,199,evaluation_wordlist.csv
0.2,400,78,10083,9901,13999,0.634,217,evaluation_wordlist.csv
0.2,400,79,19709,9997,19709,0.452,225,evaluation_wordlist.csv
0.2,400,80,27555,14408,27555,0.466,210,evaluation_wordlist.csv
0.2,400,81,10083,9666,14429,0.6,207,evaluation_wordlist.csv
0.2,400,82,10223,9869,27521,0.321,208,evaluation_wordlist.csv
0.2,400,83,22611,13162,22611,0.524,188,evaluation_wordlist.csv
0.2,400,84,22329,9947,29825,0.296,218,evaluation_wordlist.csv
0.2,400,85,9983,9752,27518,0.313,222,evaluation_wordlist.csv
0.2,400,86,29651,9839,29651,0.293,220,evaluation_wordlist.csv
0.2,400,87,18419,10000,18419,0.484,216,evaluation_wordlist.csv
0.2,400,88,9840,9757,29235,0.295,211,evaluation_wordlist.csv
0.2,400,89,22538,9927,22538,0.396,213,evaluation_wordlist.csv
0.2,400,90,29235,9923,29235,0.302,195,evaluation_wordlist.csv
0.2,400,91,11628,9941,24385,0.363,211,evaluation_wordlist.csv
0.2,400,92,29397,12484,29397,0.381,231,evaluation_wordlist.csv
0.2,400,93,13382,9994,23049,0.381,205,evaluation_wordlist.csv
0.2,400,94,9956,9892,22358,0.39,196,evaluation_wordlist.csv
0.2,400,95,15326,9956,15326,0.585,203,evaluation_wordlist.csv
0.2,400,96,17543,9950,27305,0.317,214,evaluation_wordlist.csv
0.2,400,97,13854,9885,21460,0.409,219,evaluation_wordlist.csv
0.2,400,98,29808,9825,29808,0.291,193,evaluation_wordlist.csv
0.2,400,99,29825,22991,29825,0.694,188,evaluation_wordlist.csv
0.2,400,100,27860,9907,27860,0.317,218,evaluation_wordlist.csv
0.3,200,1,26144,9936,26144,0.268,95,evaluation_wordlist.csv
0.3,200,2,18342,9882,18342,0.436,109,evaluation_wordlist.csv
0.3,200,3,29651,9973,29651,0.267,106,evaluation_wordlist.csv
0.3,200,4,9989,9660,9989,0.733,101,evaluation_wordlist.csv
0.3,200,5,9988,9924,19709,0.374,100,evaluation_wordlist.csv
0.3,200,6,9977,9790,16473,0.472,107,evaluation_wordlist.csv
0.3,200,7,19249,11112,19249,0.459,106,evaluation_wordlist.csv
0.3,200,8,28534,9959,28534,0.251,96,evaluation_wordlist.csv
0.3,200,9,11663,9916,23200,0.289,91,evaluation_wordlist.csv
0.3,200,10,18290,9876,22999,0.335,106,evaluation_wordlist.csv
0.3,200,11,22320,9892,22320,0.316,95,evaluation_wordlist.csv
0.3,200,12,9784,9567,9784,0.704,96,evaluation_wordlist.csv
0.3,200,13,9836,9769,9836,0.804,108,evaluation_wordlist.csv
0.3,200,14,9758,9338,27180,0.258,101,evaluation_wordlist.csv
0.3,200,15,14164,9931,28190,0.283,109,evaluation_wordlist.csv
0.3,200,16,21000,11405,21000,0.415,102,evaluation_wordlist.csv
0.3,200,17,9966,9716,17094,0.405,96,evaluation_wordlist.csv
0.3,200,18,9999,9523,9999,0.764,107,evaluation_wordlist.csv
0.3,200,19,11663,9835,18790,0.369,95,evaluation_wordlist.csv
0.3,200,20,9971,9781,27518,0.317,122,evaluation_wordlist.csv
0.3,200,21,11191,9825,27180,0.304,115,evaluation_wordlist.csv
0.3,200,22,9889,9520,9889,0.758,105,evaluation_wordlist.csv
0.3,200,23,9874,9764,29086,0.285,114,evaluation_wordlist.csv
0.3,200,24,9929,9777,19579,0.416,112,evaluation_wordlist.csv
0.3,200,25,9817,9773,9817,0.709,95,evaluation_wordlist.csv
0.3,200,26,9975,9920,14164,0.546,105,evaluation_wordlist.csv
0.3,200,27,9818,9189,19020,0.42,117,evaluation_wordlist.csv
0.3,200,28,16615,9582,16615,0.463,107,evaluation_wordlist.csv
0.3,200,29,11408,9998,29093,0.255,100,evaluation_wordlist.csv
0.3,200,30,13343,9529,13343,0.552,103,evaluation_wordlist.csv
0.3,200,31,12484,9711,12484,0.566,98,evaluation_wordlist.csv
0.3,200,32,16615,9750,16615,0.449,102,evaluation_wordlist.csv
0.3,200,33,14530,9946,14530,0.534,105,evaluation_wordlist.csv
0.3,200,34,9683,9614,26497,0.305,113,evaluation_wordlist.csv
0.3,200,35,11663,9778,11663,0.622,99,evaluation_wordlist.csv
0.3,200,36,9814,9486,9814,0.805,111,evaluation_wordlist.csv
0.3,200,37,9976,9581,9976,0.728,101,evaluation_wordlist.csv
0.3,200,38,22834,17922,22834,0.589,100,evaluation_wordlist.csv
0.3,200,39,12664,9966,21422,0.363,105,evaluation_wordlist.csv
0.3,200,40,9909,9803,9909,0.883,120,evaluation_wordlist.csv
0.3,200,41,9794,9586,9794,0.756,103,evaluation_wordlist.csv
0.3,200,42,9937,9845,27200,0.312,116,evaluation_wordlist.csv
0.3,200,43,29335,10402,29335,0.266,101,evaluation_wordlist.csv
0.3,200,44,14500,9944,20075,0.394,107,evaluation_wordlist.csv
0.3,200,45,10606,9702,10606,0.789,115,evaluation_wordlist.csv
0.3,200,46,11408,9693,11408,0.688,108,evaluation_wordlist.csv
0.3,200,47,9998,9743,9998,0.797,109,evaluation_wordlist.csv
0.3,200,48,11405,9910,11405,0.547,85,evaluation_wordlist.csv
0.3,200,49,9916,9512,9916,0.734,102,evaluation_wordlist.csv
0.3,200,50,9966,9493,9966,0.729,102,evaluation_wordlist.csv
0.3,200,51,18079,9742,18079,0.4,99,evaluation_wordlist.csv
0.3,200,52,9626,9397,9626,0.791,109,evaluation_wordlist.csv
0.3,200,53,21801,9772,21801,0.333,100,evaluation_wordlist.csv
0.3,200,54,9977,9957,28545,0.254,99,evaluation_wordlist.csv
0.3,200,55,9856,9545,21010,0.375,112,evaluation_wordlist.csv
0.3,200,56,26199,9898,26199,0.289,102,evaluation_wordlist.csv
0.3,200,57,14051,9915,15202,0.514,106,evaluation_wordlist.csv
0.3,200,58,11405,9906,26144,0.293,104,evaluation_wordlist.csv
0.3,200,59,16474,9884,16474,0.445,100,evaluation_wordlist.csv
0.3,200,60,11761,9253,21416,0.324,101,evaluation_wordlist.csv
0.3,200,61,11399,9877,20075,0.347,95,evaluation_wordlist.csv
0.3,200,62,9883,9108,9883,0.698,101,evaluation_wordlist.csv
0.3,200,63,9996,9658,27305,0.263,101,evaluation_wordlist.csv
0.3,200,64,14051,9711,14051,0.56,109,evaluation_wordlist.csv
0.3,200,65,21425,18342,21425,0.758,118,evaluation_wordlist.csv
0.3,200,66,9837,8716,11631,0.562,101,evaluation_wordlist.csv
0.3,200,67,9902,9779,27180,0.259,98,evaluation_wordlist.csv
0.3,200,68,10627,9888,10627,0.698,100,evaluation_wordlist.csv
0.3,200,69,9889,9854,16955,0.475,110,evaluation_wordlist.csv
0.3,200,70,9978,9284,9978,0.754,108,evaluation_wordlist.csv
0.3,200,71,14401,9146,14401,0.548,115,evaluation_wordlist.csv
0.3,200,72,27572,9818,27572,0.267,101,evaluation_wordlist.csv
0.3,200,73,9610,9207,9610,0.79,110,evaluation_wordlist.csv
0.3,200,74,11668,9851,26326,0.267,96,evaluation_wordlist.csv
0.3,200,75,9774,9312,9774,0.7,98,evaluation_wordlist.csv
0.3,200,76,9849,9497,9849,0.694,96,evaluation_wordlist.csv
0.3,200,77,9996,9947,28193,0.275,107,evaluation_wordlist.csv
0.3,200,78,9991,9808,11758,0.694,112,evaluation_wordlist.csv
0.3,200,79,9866,9368,27518,0.271,107,evaluation_wordlist.csv
0.3,200,80,14125,9715,14125,0.542,106,evaluation_wordlist.csv
0.3,200,81,21416,9886,21416,0.37,109,evaluation_wordlist.csv
0.3,200,82,10212,9926,10212,0.7,96,evaluation_wordlist.csv
0.3,200,83,9784,9612,21416,0.3,91,evaluation_wordlist.csv
0.3,200,84,9842,9622,22641,0.316,100,evaluation_wordlist.csv
0.3,200,85,13153,9572,13153,0.611,112,evaluation_wordlist.csv
0.3,200,86,11631,9738,18440,0.42,107,evaluation_wordlist.csv
0.3,200,87,9830,9501,9830,0.761,105,evaluation_wordlist.csv
0.3,200,88,9998,9939,9998,0.76,102,evaluation_wordlist.csv
0.3,200,89,12983,9941,12983,0.586,102,evaluation_wordlist.csv
0.3,200,90,9991,9866,26144,0.283,101,evaluation_wordlist.csv
0.3,200,91,18968,9667,18968,0.413,109,evaluation_wordlist.csv
0.3,200,92,14429,9914,29758,0.27,109,evaluation_wordlist.csv
0.3,200,93,9891,9720,9891,0.818,111,evaluation_wordlist.csv
0.3,200,94,29335,9884,29335,0.28,112,evaluation_wordlist.csv
0.3,200,95,9972,9793,9972,0.744,101,evaluation_wordlist.csv
0.3,200,96,9967,9808,29817,0.262,107,evaluation_wordlist.csv
0.3,200,97,13364,9737,29235,0.265,108,evaluation_wordlist.csv
0.3,200,98,9911,9707,9911,0.793,108,evaluation_wordlist.csv
0.3,200,99,9946,9379,18302,0.396,105,evaluation_wordlist.csv
0.3,200,100,9983,9726,23557,0.313,103,evaluation_wordlist.csv
0.3,300,1,29093,9908,29093,0.302,152,evaluation_wordlist.csv
0.3,300,2,10627,9837,10627,0.833,160,evaluation_wordlist.csv
0.3,300,3,9984,9899,16473,0.538,163,evaluation_wordlist.csv
0.3,300,4,11628,9845,23557,0.366,155,evaluation_wordlist.csv
0.3,300,5,9984,9950,18419,0.48,160,evaluation_wordlist.csv
0.3,300,6,9926,9802,28534,0.307,160,evaluation_wordlist.csv
0.3,300,7,13364,10223,17986,0.502,165,evaluation_wordlist.csv
0.3,300,8,14526,9821,17128,0.513,164,evaluation_wordlist.csv
0.3,300,9,14125,9608,27572,0.312,148,evaluation_wordlist.csv
0.3,300,10,15202,9901,18146,0.485,154,evaluation_wordlist.csv
0.3,300,11,9991,9657,9991,0.87,161,evaluation_wordlist.csv
0.3,300,12,11631,9597,27202,0.315,156,evaluation_wordlist.csv
0.3,300,13,14530,9946,14530,0.616,158,evaluation_wordlist.csv
0.3,300,14,9986,9921,28370,0.311,157,evaluation_wordlist.csv
0.3,300,15,28193,9953,28193,0.314,175,evaluation_wordlist.csv
0.3,300,16,14164,9966,18996,0.469,166,evaluation_wordlist.csv
0.3,300,17,10257,9871,27482,0.317,158,evaluation_wordlist.csv
0.3,300,18,13465,9711,23230,0.371,157,evaluation_wordlist.csv
0.3,300,19,9876,9665,29817,0.284,158,evaluation_wordlist.csv
0.3,300,20,9943,9894,19134,0.452,141,evaluation_wordlist.csv
0.3,300,21,9994,9919,23557,0.374,150,evaluation_wordlist.csv
0.3,300,22,26326,9901,26326,0.336,149,evaluation_wordlist.csv
0.3,300,23,9973,9934,27180,0.327,166,evaluation_wordlist.csv
0.3,300,24,9957,9749,18419,0.467,157,evaluation_wordlist.csv
0.3,300,25,16456,9914,16456,0.542,163,evaluation_wordlist.csv
0.3,300,26,12990,9930,26043,0.339,153,evaluation_wordlist.csv
0.3,300,27,9971,9822,28534,0.304,160,evaluation_wordlist.csv
0.3,300,28,9976,9864,13425,0.657,167,evaluation_wordlist.csv
0.3,300,29,11134,9752,11134,0.783,153,evaluation_wordlist.csv
0.3,300,30,23997,9951,23997,0.371,157,evaluation_wordlist.csv
0.3,300,31,21425,9946,29944,0.293,152,evaluation_wordlist.csv
0.3,300,32,9906,9863,29301,0.297,158,evaluation_wordlist.csv
0.3,300,33,9913,9847,23776,0.37,163,evaluation_wordlist.csv
0.3,300,34,14752,9958,29817,0.291,154,evaluation_wordlist.csv
0.3,300,35,9900,9795,27180,0.322,165,evaluation_wordlist.csv
0.3,300,36,9819,9566,28190,0.302,161,evaluation_wordlist.csv
0.3,300,37,27305,9968,27305,0.322,150,evaluation_wordlist.csv
0.3,300,38,9994,9949,18996,0.465,152,evaluation_wordlist.csv
0.3,300,39,19020,14525,21801,0.596,159,evaluation_wordlist.csv
0.3,300,40,10000,9768,10000,0.873,155,evaluation_wordlist.csv
0.3,300,41,9971,9793,21003,0.412,159,evaluation_wordlist.csv
0.3,300,42,27200,9845,27200,0.324,155,evaluation_wordlist.csv
0.3,300,43,9981,9935,9981,0.896,157,evaluation_wordlist.csv
0.3,300,44,9702,9639,17543,0.486,172,evaluation_wordlist.csv
0.3,300,45,23200,9987,23200,0.387,165,evaluation_wordlist.csv
0.3,300,46,17543,9959,17543,0.511,147,evaluation_wordlist.csv
0.3,300,47,14526,13254,26497,0.444,142,evaluation_wordlist.csv
0.3,300,48,9988,9868,20075,0.436,142,evaluation_wordlist.csv
0.3,300,49,19106,9875,19106,0.462,151,evaluation_wordlist.csv
0.3,300,50,25046,11405,25046,0.402,161,evaluation_wordlist.csv
0.3,300,51,22538,9984,22538,0.396,141,evaluation_wordlist.csv
0.3,300,52,10591,9586,10591,0.809,159,evaluation_wordlist.csv
0.3,300,53,9972,9895,29808,0.293,159,evaluation_wordlist.csv
0.3,300,54,19401,9935,19401,0.458,158,evaluation_wordlist.csv
0.3,300,55,9976,9970,9976,0.899,148,evaluation_wordlist.csv
0.3,300,56,11399,9848,11399,0.778,156,evaluation_wordlist.csv
0.3,300,57,11475,9845,17720,0.497,172,evaluation_wordlist.csv
0.3,300,58,18968,9818,18968,0.46,153,evaluation_wordlist.csv
0.3,300,59,21425,9927,21425,0.417,168,evaluation_wordlist.csv
0.3,300,60,11425,9905,11425,0.78,159,evaluation_wordlist.csv
0.3,300,61,9911,9771,9911,0.881,151,evaluation_wordlist.csv
0.3,300,62,10627,9926,18807,0.469,171,evaluation_wordlist.csv
0.3,300,63,23997,9966,23997,0.366,154,evaluation_wordlist.csv
0.3,300,64,9996,9754,14534,0.593,158,evaluation_wordlist.csv
0.3,300,65,18079,9973,29086,0.305,158,evaluation_wordlist.csv
0.3,300,66,9988,9781,9988,0.876,155,evaluation_wordlist.csv
0.3,300,67,18297,9902,22641,0.389,158,evaluation_wordlist.csv
0.3,300,68,9999,9917,11146,0.791,165,evaluation_wordlist.csv
0.3,300,69,11131,9987,23049,0.38,159,evaluation_wordlist.csv
0.3,300,70,9739,9305,9739,0.86,157,evaluation_wordlist.csv
0.3,300,71,20627,9861,20627,0.428,160,evaluation_wordlist.csv
0.3,300,72,9915,9861,29817,0.288,153,evaluation_wordlist.csv
0.3,300,73,9933,9656,9933,0.875,150,evaluation_wordlist.csv
0.3,300,74,19709,9888,19709,0.446,153,evaluation_wordlist.csv
0.3,300,75,9991,9802,9991,0.883,153,evaluation_wordlist.csv
0.3,300,76,9987,9790,18500,0.473,160,evaluation_wordlist.csv
0.3,300,77,14401,9805,14401,0.605,158,evaluation_wordlist.csv
0.3,300,78,9991,9697,9991,0.863,161,evaluation_wordlist.csv
0.3,300,79,14534,9912,21801,0.406,149,evaluation_wordlist.csv
0.3,300,80,10627,9818,10627,0.831,160,evaluation_wordlist.csv
0.3,300,81,16615,9770,16615,0.529,175,evaluation_wordlist.csv
0.3,300,82,24883,10223,28545,0.318,162,evaluation_wordlist.csv
0.3,300,83,19152,9732,19152,0.451,152,evaluation_wordlist.csv
0.3,300,84,9942,9740,25046,0.346,162,evaluation_wordlist.csv
0.3,300,85,21422,9984,27305,0.327,169,evaluation_wordlist.csv
0.3,300,86,17720,11667,17720,0.593,151,evaluation_wordlist.csv
0.3,300,87,13465,9850,29335,0.295,163,evaluation_wordlist.csv
0.3,300,88,13854,9916,13854,0.644,149,evaluation_wordlist.csv
0.3,300,89,15191,9543,28190,0.303,148,evaluation_wordlist.csv
0.3,300,90,9691,9572,13854,0.618,151,evaluation_wordlist.csv
0.3,300,91,17543,9921,27482,0.317,167,evaluation_wordlist.csv
0.3,300,92,13162,9909,29335,0.298,149,evaluation_wordlist.csv
0.3,300,93,9995,9736,9995,0.877,163,evaluation_wordlist.csv
0.3,300,94,19402,9997,27521,0.318,155,evaluation_wordlist.csv
0.3,300,95,9889,9821,27546,0.315,170,evaluation_wordlist.csv
0.3,300,96,11758,9896,11758,0.757,157,evaluation_wordlist.csv
0.3,300,97,9884,9735,29651,0.29,170,evaluation_wordlist.csv
0.3,300,98,9989,9876,9989,0.89,152,evaluation_wordlist.csv
0.3,300,99,9995,9606,9995,0.865,138,evaluation_wordlist.csv
0.3,300,100,9998,9820,17543,0.494,160,evaluation_wordlist.csv
0.3,400,1,14525,9536,14525,0.585,208,evaluation_wordlist.csv
0.3,400,2,19106,9712,19106,0.457,231,evaluation_wordlist.csv
0.3,400,3,19152,9894,28534,0.306,203,evaluation_wordlist.csv
0.3,400,4,9992,9930,19554,0.453,208,evaluation_wordlist.csv
0.3,400,5,29397,9982,29397,0.301,203,evaluation_wordlist.csv
0.3,400,6,11761,9961,29758,0.299,219,evaluation_wordlist.csv
0.3,400,7,9963,9709,9963,0.873,211,evaluation_wordlist.csv
0.3,400,8,11191,9560,11191,0.769,218,evaluation_wordlist.csv
0.3,400,9,10591,9787,29825,0.288,211,evaluation_wordlist.csv
0.3,400,10,9933,9787,13164,0.666,200,evaluation_wordlist.csv
0.3,400,11,21825,9932,29808,0.297,210,evaluation_wordlist.csv
0.3,400,12,11408,9982,27572,0.32,212,evaluation_wordlist.csv
0.3,400,13,9863,9834,21003,0.417,201,evaluation_wordlist.csv
0.3,400,14,21405,9923,21405,0.415,210,evaluation_wordlist.csv
0.3,400,15,9931,9917,21010,0.417,207,evaluation_wordlist.csv
0.3,400,16,24498,11631,27200,0.383,198,evaluation_wordlist.csv
0.3,400,17,29825,9922,29825,0.298,190,evaluation_wordlist.csv
0.3,400,18,9945,9715,27200,0.317,199,evaluation_wordlist.csv
0.3,400,19,21000,9750,27518,0.314,210,evaluation_wordlist.csv
0.3,400,20,9988,9960,22991,0.383,215,evaluation_wordlist.csv
0.3,400,21,13343,9930,13343,0.667,218,evaluation_wordlist.csv
0.3,400,22,9979,9929,27542,0.321,215,evaluation_wordlist.csv
0.3,400,23,14525,9879,28534,0.307,220,evaluation_wordlist.csv
0.3,400,24,9887,9864,21000,0.415,213,evaluation_wordlist.csv
0.3,400,25,9901,9743,29301,0.295,218,evaluation_wordlist.csv
0.3,400,26,9998,9938,19020,0.468,191,evaluation_wordlist.csv
0.3,400,27,10257,9959,28545,0.311,209,evaluation_wordlist.csv
0.3,400,28,9969,9799,19025,0.459,213,evaluation_wordlist.csv
0.3,400,29,20627,9996,22991,0.387,201,evaluation_wordlist.csv
0.3,400,30,18500,9890,18500,0.476,185,evaluation_wordlist.csv
0.3,400,31,9999,9976,17986,0.492,210,evaluation_wordlist.csv
0.3,400,32,19401,9875,19401,0.452,216,evaluation_wordlist.csv
0.3,400,33,9968,9863,29086,0.298,217,evaluation_wordlist.csv
0.3,400,34,28193,9826,28193,0.312,217,evaluation_wordlist.csv
0.3,400,35,11134,9731,27352,0.317,217,evaluation_wordlist.csv
0.3,400,36,11758,9894,11758,0.754,223,evaluation_wordlist.csv
0.3,400,37,10223,9833,27392,0.32,221,evaluation_wordlist.csv
0.3,400,38,17922,9552,24883,0.344,207,evaluation_wordlist.csv
0.3,400,39,27521,9946,27521,0.324,193,evaluation_wordlist.csv
0.3,400,40,9937,9843,22991,0.382,212,evaluation_wordlist.csv
0.3,400,41,11761,9912,19811,0.446,212,evaluation_wordlist.csv
0.3,400,42,13726,9992,13726,0.652,211,evaluation_wordlist.csv
0.3,400,43,9968,9918,27542,0.318,221,evaluation_wordlist.csv
0.3,400,44,23200,18079,23200,0.698,208,evaluation_wordlist.csv
0.3,400,45,11112,9692,29758,0.284,227,evaluation_wordlist.csv
0.3,400,46,9978,9905,15909,0.552,199,evaluation_wordlist.csv
0.3,400,47,9913,9909,21000,0.421,205,evaluation_wordlist.csv
0.3,400,48,9940,9803,23997,0.364,193,evaluation_wordlist.csv
0.3,400,49,18996,9857,18996,0.465,193,evaluation_wordlist.csv
0.3,400,50,11631,9955,23049,0.378,213,evaluation_wordlist.csv
0.3,400,51,9995,9987,13364,0.662,199,evaluation_wordlist.csv
0.3,400,52,9956,9838,27518,0.316,207,evaluation_wordlist.csv
0.3,400,53,17543,9938,17543,0.507,217,evaluation_wordlist.csv
0.3,400,54,19401,9905,19972,0.44,225,evaluation_wordlist.csv
0.3,400,55,11667,9902,19401,0.455,220,evaluation_wordlist.csv
0.3,400,56,9865,9747,9865,0.877,222,evaluation_wordlist.csv
0.3,400,57,13936,9991,21991,0.405,206,evaluation_wordlist.csv
0.3,400,58,9970,9863,11667,0.754,215,evaluation_wordlist.csv
0.3,400,59,9937,9758,22991,0.377,210,evaluation_wordlist.csv
0.3,400,60,9980,9814,12483,0.7,199,evaluation_wordlist.csv
0.3,400,61,9982,9923,23049,0.38,206,evaluation_wordlist.csv
0.3,400,62,14500,9981,14500,0.62,201,evaluation_wordlist.csv
0.3,400,63,9985,9915,27521,0.32,208,evaluation_wordlist.csv
0.3,400,64,9994,9795,29944,0.292,213,evaluation_wordlist.csv
0.3,400,65,9964,9860,13996,0.631,209,evaluation_wordlist.csv
0.3,400,66,9894,9827,21416,0.409,200,evaluation_wordlist.csv
0.3,400,67,9999,9881,19811,0.445,228,evaluation_wordlist.csv
0.3,400,68,16662,9990,27482,0.32,219,evaluation_wordlist.csv
0.3,400,69,11112,9863,15191,0.581,194,evaluation_wordlist.csv
0.3,400,70,9969,9943,18342,0.483,205,evaluation_wordlist.csv
0.3,400,71,10223,9874,29825,0.291,206,evaluation_wordlist.csv
0.3,400,72,11502,9885,24385,0.361,208,evaluation_wordlist.csv
0.3,400,73,9988,9831,27392,0.319,223,evaluation_wordlist.csv
0.3,400,74,11502,10223,26342,0.341,212,evaluation_wordlist.csv
0.3,400,75,12983,9927,19709,0.449,213,evaluation_wordlist.csv
0.3,400,76,10026,9974,28190,0.313,191,evaluation_wordlist.csv
0.3,400,77,13425,9724,13425,0.652,208,evaluation_wordlist.csv
0.3,400,78,15086,9924,20970,0.421,191,evaluation_wordlist.csv
0.3,400,79,9984,9973,29758,0.297,202,evaluation_wordlist.csv
0.3,400,80,14500,9912,16473,0.536,203,evaluation_wordlist.csv
0.3,400,81,26342,9972,26342,0.335,190,evaluation_wordlist.csv
0.3,400,82,23230,9955,23230,0.382,196,evaluation_wordlist.csv
0.3,400,83,9938,9758,28545,0.302,206,evaluation_wordlist.csv
0.3,400,84,29086,11400,29086,0.349,209,evaluation_wordlist.csv
0.3,400,85,15202,9988,26144,0.339,201,evaluation_wordlist.csv
0.3,400,86,10257,9934,21991,0.401,205,evaluation_wordlist.csv
0.3,400,87,9956,9878,22834,0.384,201,evaluation_wordlist.csv
0.3,400,88,28370,9868,28370,0.31,206,evaluation_wordlist.csv
0.3,400,89,9802,9646,28366,0.302,212,evaluation_wordlist.csv
0.3,400,90,9920,9812,14500,0.603,220,evaluation_wordlist.csv
0.3,400,91,11502,9829,18290,0.479,218,evaluation_wordlist.csv
0.3,400,92,9980,9893,27572,0.317,221,evaluation_wordlist.csv
0.3,400,93,13364,9821,29093,0.296,207,evaluation_wordlist.csv
0.3,400,94,10591,9999,18290,0.483,209,evaluation_wordlist.csv
0.3,400,95,18290,9966,18290,0.486,202,evaluation_wordlist.csv
0.3,400,96,9995,9767,22834,0.379,202,evaluation_wordlist.csv
0.3,400,97,11112,9987,11112,0.805,212,evaluation_wordlist.csv
0.3,400,98,19025,9994,19025,0.468,209,evaluation_wordlist.csv
0.3,400,99,13996,9816,27572,0.317,205,evaluation_wordlist.csv
0.3,400,100,9988,9936,9988,0.895,221,evaluation_wordlist.csv
